Authors,Title,Publication,Volume,Number,Pages,Year,Publisher
"Li, Zongjie; Wang, Chaozheng; Wang, Shuai; Gao, Cuiyun; ",Protecting intellectual property of large language model-based code generation apis via watermarks,Proceedings of the 2023 ACM SIGSAC Conference on Computer and Communications Security,,,2336-2350,2023,
"Yu, Zhiyuan; Wu, Yuhao; Zhang, Ning; Wang, Chenguang; Vorobeychik, Yevgeniy; Xiao, Chaowei; ",Codeipprompt: intellectual property infringement assessment of code language models,International conference on machine learning,,,40373-40389,2023,PMLR
"Ren, Jie; Xu, Han; He, Pengfei; Cui, Yingqian; Zeng, Shenglai; Zhang, Jiankun; Wen, Hongzhi; Ding, Jiayuan; Huang, Pei; Lyu, Lingjuan; ",Copyright protection in generative ai: A technical perspective,arXiv preprint arXiv:2402.02333,,,,2024,
"Parnagian, Ani; ",Should AI have Intellectual Property Rights? An Analysis of Copyright Law on Generative AI,,,,,2023,
"Cooper, A Feder; Grimmelmann, James; ","The Files are in the Computer: Copyright, Memorization, and Generative AI",arXiv preprint arXiv:2404.12590,,,,2024,
"Zhang, Dawen; Xia, Boming; Liu, Yue; Xu, Xiwei; Hoang, Thong; Xing, Zhenchang; Staples, Mark; Lu, Qinghua; Zhu, Liming; ",Tag your fish in the broken net: A responsible web framework for protecting online privacy and copyright,arXiv preprint arXiv:2310.07915,,,,2023,
"Katzy, Jonathan; Popescu, Razvan; Van Deursen, Arie; Izadi, Maliheh; ",An exploratory investigation into code license infringements in large language model training datasets,Proceedings of the 2024 IEEE/ACM First International Conference on AI Foundation Models and Software Engineering,,,74-85,2024,
"Liu, Xiaoze; Sun, Ting; Xu, Tianyang; Wu, Feijie; Wang, Cunxiang; Wang, Xiaoqian; Gao, Jing; ",Shield: Evaluation and defense strategies for copyright compliance in llm text generation,arXiv preprint arXiv:2406.12975,,,,2024,
"Kretschmer, Martin; Margoni, Thomas; Oruç, Pinar; ",Copyright law and the lifecycle of machine learning models,IIC-International Review of Intellectual Property and Competition Law,55,1,110-138,2024,Springer
"Moayeri, Mazda; Basu, Samyadeep; Balasubramanian, Sriram; Kattakinda, Priyatham; Chengini, Atoosa; Brauneis, Robert; Feizi, Soheil; ",Rethinking artistic copyright infringements in the era of text-to-image generative models,arXiv preprint arXiv:2404.08030,,,,2024,
"Smits, Jan; Borghuis, Tijn; ",Generative AI and intellectual property rights,Law and artificial intelligence: Regulating AI and applying AI in legal practice,,,323-344,2022,Springer
"Liu, Zhengliang; Huang, Yue; Yu, Xiaowei; Zhang, Lu; Wu, Zihao; Cao, Chao; Dai, Haixing; Zhao, Lin; Li, Yiwei; Shu, Peng; ",Deid-gpt: Zero-shot medical text de-identification by gpt-4,arXiv preprint arXiv:2303.11032,,,,2023,
"Li, Shen; Yao, Liuyi; Gao, Jinyang; Zhang, Lan; Li, Yaliang; ",Double-i watermark: Protecting model copyright for LLM fine-tuning,arXiv preprint arXiv:2402.14883,,,,2024,
"Wang, Kun; Chang, Kaiyan; Wang, Mengdi; Zou, Xingqi; Xu, Haobo; Han, Yinhe; Wang, Ying; ",RTLMarker: Protecting LLM-Generated RTL Copyright via a Hardware Watermarking Framework,Proceedings of the 30th Asia and South Pacific Design Automation Conference,,,808-813,2025,
"Meeus, Matthieu; Shilov, Igor; Faysse, Manuel; De Montjoye, Yves-Alexandre; ",Copyright traps for large language models,arXiv preprint arXiv:2402.09363,,,,2024,
"Lee, Katherine; Cooper, A Feder; Grimmelmann, James; ",Talkin''Bout AI Generation: Copyright and the Generative-AI Supply Chain,arXiv preprint arXiv:2309.08133,,,,2023,
"Lu, Yiwei; Yang, Matthew YR; Liu, Zuoqiu; Kamath, Gautam; Yu, Yaoliang; ",Disguised copyright infringement of latent diffusion models,arXiv preprint arXiv:2404.06737,,,,2024,
"Tan, Hanzhuo; Luo, Qi; Li, Jing; Zhang, Yuqun; ",Llm4decompile: Decompiling binary code with large language models,arXiv preprint arXiv:2403.05286,,,,2024,
"Guo, Lianghong; Wang, Yanlin; Shi, Ensheng; Zhong, Wanjun; Zhang, Hongyu; Chen, Jiachi; Zhang, Ruikai; Ma, Yuchi; Zheng, Zibin; ",When to stop? towards efficient code generation in llms with excess token prevention,Proceedings of the 33rd ACM SIGSOFT International Symposium on Software Testing and Analysis,,,1073-1085,2024,
"Ungureanu, Carmen Tamara; Amironesei, Aura Elena; ",Legal issues concerning Generative AI technologies,Eastern Journal of European Studies,45,,,2023,
"Kim, Jungin; Park, Shinwoo; Han, Yo-Sub; ",Marking Code Without Breaking It: Code Watermarking for Detecting LLM-Generated Code,arXiv preprint arXiv:2502.18851,,,,2025,
"Hacohen, Uri; Haviv, Adi; Sarfaty, Shahar; Friedman, Bruria; Elkin-Koren, Niva; Livni, Roi; Bermano, Amit H; ",Not all similarities are created equal: Leveraging data-driven biases to inform genai copyright disputes,arXiv preprint arXiv:2403.17691,,,,2024,
"Sandiumenge Torres, Isaac Yael; ",Copyright implications of the use of generative AI,,,,,2023,
"Lee, Katherine; Cooper, A Feder; Grimmelmann, James; Ippolito, Daphne; ",AI and Law: The Next Generation,Available at SSRN 4580739,,,,2023,
"Bairi, Ramakrishna; Sonwane, Atharv; Kanade, Aditya; Iyer, Arun; Parthasarathy, Suresh; Rajamani, Sriram; Ashok, B; Shet, Shashank; ",Codeplan: Repository-level coding using llms and planning,Proceedings of the ACM on Software Engineering,1,FSE,675-698,2024,"ACM New York, NY, USA"
"Pan, Leyi; Liu, Aiwei; Huang, Shiyu; Lu, Yijian; Hu, Xuming; Wen, Lijie; King, Irwin; Yu, Philip S; ",Can LLM Watermarks Robustly Prevent Unauthorized Knowledge Distillation?,arXiv preprint arXiv:2502.11598,,,,2025,
"Amarikwa, Melany; ",Internet Openness at Risk: Generative AI's Impact on Data Scraping,Available at SSRN 4723713,,,,2024,
"Murray, Michael D; ",Generative ai art: Copyright infringement and fair use,SMU Sci. & Tech. L. Rev.,26,,259,2023,HeinOnline
"Zhang, Zhaoxi; Zhang, Xiaomei; Zhang, Yanjun; Zhang, Leo Yu; Chen, Chao; Hu, Shengshan; Gill, Asif; Pan, Shirui; ",Large language model watermark stealing with mixed integer programming,arXiv preprint arXiv:2405.19677,,,,2024,
"Gu, Qiuhan; ",Llm-based code generation method for golang compiler testing,Proceedings of the 31st ACM Joint European Software Engineering Conference and Symposium on the Foundations of Software Engineering,,,2201-2203,2023,
"Knott, Alistair; Pedreschi, Dino; Chatila, Raja; Chakraborti, Tapabrata; Leavy, Susan; Baeza-Yates, Ricardo; Eyers, David; Trotman, Andrew; Teal, Paul D; Biecek, Przemyslaw; ",Generative AI models should include detection mechanisms as a condition for public release,Ethics and Information Technology,25,4,55,2023,Springer
"Alt, Tobias; Ibisch, Andrea; Meiser, Clemens; Wilhelm, Anna; Zimmer, Raphael; Ditz, Jonas; Dresen, Dominique; Droste, Christoph; Karschau, Jens; Laus, Friederike; ",Generative AI Models: Opportunities and Risks for Industry and Authorities,arXiv preprint arXiv:2406.04734,,,,2024,
"Panaitescu-Liess, Michael-Andrei; Pathmanathan, Pankayaraj; Kaya, Yigitcan; Che, Zora; An, Bang; Zhu, Sicheng; Agrawal, Aakriti; Huang, Furong; ",PoisonedParrot: Subtle Data Poisoning Attacks to Elicit Copyright-Infringing Content from Large Language Models,arXiv preprint arXiv:2503.07697,,,,2025,
"White, Jules; Hays, Sam; Fu, Quchen; Spencer-Smith, Jesse; Schmidt, Douglas C; ","Chatgpt prompt patterns for improving code quality, refactoring, requirements elicitation, and software design",Generative ai for effective software development,,,71-108,2024,Springer
"Miyazaki, Kunihiro; Murayama, Taichi; Uchiba, Takayuki; An, Jisun; Kwak, Haewoon; ",Public perception of generative AI on Twitter: an empirical study based on occupation and usage,EPJ Data Science,13,1,2,2024,Springer Berlin Heidelberg
"Gupta, Maanak; Akiri, CharanKumar; Aryal, Kshitiz; Parker, Eli; Praharaj, Lopamudra; ",From chatgpt to threatgpt: Impact of generative ai in cybersecurity and privacy,IEEE Access,11,,80218-80245,2023,IEEE
"Pasquini, Dario; Kornaropoulos, Evgenios M; Ateniese, Giuseppe; ",Llmmap: Fingerprinting for large language models,arXiv preprint arXiv:2407.15847,,,,2024,
"Koutcheme, Charles; Sarsa, Sami; Leinonen, Juho; Hellas, Arto; Denny, Paul; ",Automated program repair using generative models for code infilling,International Conference on Artificial Intelligence in Education,,,798-803,2023,Springer
"Maini, Pratyush; Jia, Hengrui; Papernot, Nicolas; Dziedzic, Adam; ",LLM Dataset Inference: Did you train on my dataset?,Advances in Neural Information Processing Systems,37,,124069-124092,2024,
"Huang, Dong; Zhang, Jie M; Bu, Qingwen; Xie, Xiaofei; Chen, Junjie; Cui, Heming; ",Bias testing and mitigation in llm-based code generation,ACM Transactions on Software Engineering and Methodology,,,,2024,"ACM New York, NY"
"Chen, Yan; Esmaeilzadeh, Pouyan; ",Generative AI in medical practice: in-depth exploration of privacy and security challenges,Journal of Medical Internet Research,26,,e53008,2024,"JMIR Publications Toronto, Canada"
"Lee, Katherine; Cooper, A Feder; Grimmelmann, James; ",Talkin''Bout AI generation: copyright and the generative-AI supply chain (The short version),Proceedings of the Symposium on Computer Science and Law,,,48-63,2024,
"Liffiton, Mark; Sheese, Brad E; Savelka, Jaromir; Denny, Paul; ",Codehelp: Using large language models with guardrails for scalable support in programming classes,Proceedings of the 23rd Koli Calling International Conference on Computing Education Research,,,1-11,2023,
"Rahman, Musfiqur; Khatoonabadi, SayedHassan; Abdellatif, Ahmad; Shihab, Emad; ",Automatic detection of llm-generated code: A case study of claude 3 haiku,arXiv preprint arXiv:2409.01382,,,,2024,
"Arora, Simran; Yang, Brandon; Eyuboglu, Sabri; Narayan, Avanika; Hojel, Andrew; Trummer, Immanuel; Ré, Christopher; ",Language models enable simple systems for generating structured views of heterogeneous data lakes,arXiv preprint arXiv:2304.09433,,,,2023,
"Marchal, Nahema; Xu, Rachel; Elasmar, Rasmi; Gabriel, Iason; Goldberg, Beth; Isaac, William; ",Generative AI misuse: A taxonomy of tactics and insights from real-world data,arXiv preprint arXiv:2406.13843,,,,2024,
"Xiang, Zhen; Zheng, Linzhi; Li, Yanjie; Hong, Junyuan; Li, Qinbin; Xie, Han; Zhang, Jiawei; Xiong, Zidi; Xie, Chulin; Yang, Carl; ",Guardagent: Safeguard llm agents by a guard agent via knowledge-enabled reasoning,arXiv preprint arXiv:2406.09187,,,,2024,
"Mu, Fangwen; Shi, Lin; Wang, Song; Yu, Zhuohao; Zhang, Binquan; Wang, ChenXue; Liu, Shichao; Wang, Qing; ",Clarifygpt: A framework for enhancing llm-based code generation via requirements clarification,Proceedings of the ACM on Software Engineering,1,FSE,2332-2354,2024,"ACM New York, NY, USA"
"Yao, Yifan; Duan, Jinhao; Xu, Kaidi; Cai, Yuanfang; Sun, Zhibo; Zhang, Yue; ","A survey on large language model (llm) security and privacy: The good, the bad, and the ugly",High-Confidence Computing,,,100211,2024,Elsevier
"Graham, Shawn; Yates, Donna; El-Roby, Ahmed; ",Investigating antiquities trafficking with generative pre-trained transformer (GPT)-3 enabled knowledge graphs: A case study,Open Research Europe,3,,100,2023,
"Loevenich, Johannes F; Adler, Erik; Mercier, Rémi; Velazquez, Alexander; Lopes, Roberto Rigolin F; ",Design of an autonomous cyber defence agent using hybrid ai models,2024 International Conference on Military Communication and Information Systems (ICMCIS),,,1-10,2024,IEEE
"Chen, Brian; Mustakin, Nafis; Hoang, Alvin; Fuad, Sakib; Wong, Daniel; ",VSCuda: LLM based CUDA extension for visual studio code,"Proceedings of the SC'23 Workshops of the International Conference on High Performance Computing, Network, Storage, and Analysis",,,11-17,2023,
"Al-kfairy, Mousa; Mustafa, Dheya; Kshetri, Nir; Insiew, Mazen; Alfandi, Omar; ",Ethical challenges and solutions of generative AI: An interdisciplinary perspective,Informatics,11,3,58,2024,Multidisciplinary Digital Publishing Institute
"Cámara, Javier; Troya, Javier; Burgueño, Lola; Vallecillo, Antonio; ",On the assessment of generative AI in modeling tasks: an experience report with ChatGPT and UML,Software and Systems Modeling,22,3,781-793,2023,Springer
"Hellas, Arto; Leinonen, Juho; Sarsa, Sami; Koutcheme, Charles; Kujanpää, Lilja; Sorva, Juha; ",Exploring the responses of large language models to beginner programmers’ help requests,Proceedings of the 2023 ACM Conference on International Computing Education Research-Volume 1,,,93-105,2023,
"Balse, Rishabh; Kumar, Viraj; Prasad, Prajish; Warriem, Jayakrishnan Madathil; ",Evaluating the quality of llm-generated explanations for logical errors in cs1 student programs,Proceedings of the 16th Annual ACM India Compute Conference,,,49-54,2023,
"Huang, Ziheng; Li, Boheng; Cai, Yan; Wang, Run; Guo, Shangwei; Fang, Liming; Chen, Jing; Wang, Lina; ",What can discriminator do? towards box-free ownership verification of generative adversarial networks,Proceedings of the IEEE/CVF international conference on computer vision,,,5009-5019,2023,
"Fang, Zheng; Yang, Ying; Swiecki, Zachari; ",Automated code discovery via graph neural networks and generative AI,International Conference on Quantitative Ethnography,,,438-454,2023,Springer
"Kang, Sungmin; An, Gabin; Yoo, Shin; ",A quantitative and qualitative evaluation of LLM-based explainable fault localization,Proceedings of the ACM on Software Engineering,1,FSE,1424-1446,2024,"ACM New York, NY, USA"
"Zhao, Xuandong; Zhang, Kexun; Wang, Yu-Xiang; Li, Lei; ",Generative autoencoders as watermark attackers: Analyses of vulnerabilities and threats,,,,,2023,
"Manish, Sanwal; ",An autonomous multi-agent llm framework for agile software development,International Journal of Trend in Scientific Research and Development,8,5,892-898,2024,IJTSRD
"Denter, Nils M; Lai, Mei Yun; ",Measuring generative appropriability: Experiments with US semiconductor patents,World Patent Information,70,,102130,2022,Elsevier
"Huang, Siming; Cheng, Tianhao; Liu, Jason Klein; Hao, Jiaran; Song, Liuyihan; Xu, Yang; Yang, J; Liu, JH; Zhang, Chenchen; Chai, Linzheng; ",Opencoder: The open cookbook for top-tier code large language models,arXiv preprint arXiv:2411.04905,,,,2024,
"Shankar, Shreya; Zamfirescu-Pereira, JD; Hartmann, Björn; Parameswaran, Aditya; Arawjo, Ian; ",Who validates the validators? aligning llm-assisted evaluation of llm outputs with human preferences,Proceedings of the 37th Annual ACM Symposium on User Interface Software and Technology,,,1-14,2024,
"Yan, Litao; Hwang, Alyssa; Wu, Zhiyuan; Head, Andrew; ",Ivie: Lightweight anchored explanations of just-generated code,Proceedings of the 2024 CHI Conference on Human Factors in Computing Systems,,,1-15,2024,
"Huang, Yuxiao; Fields, Kara G; Ma, Yan; ",A tutorial on generative adversarial networks with application to classification of imbalanced data,Statistical Analysis and Data Mining: The ASA Data Science Journal,15,5,543-552,2022,Wiley Online Library
"Rathod, Vishal; Nabavirazavi, Seyedsina; Zad, Samira; Iyengar, Sundararaja Sitharama; ",Privacy and Security Challenges in Large Language Models,2025 IEEE 15th Annual Computing and Communication Workshop and Conference (CCWC),,,00746-00752,2025,IEEE
"Pereira, Ricardo; Reis, Ingrid Weingärtner; Ulbricht, Vânia; Santos, Neri dos; ",Generative artificial intelligence and academic writing: an analysis of the perceptions of researchers in training,Management Research: Journal of the Iberoamerican Academy of Management,22,4,429-450,2024,Emerald Publishing Limited
"Wu, Xuansheng; Yu, Wenhao; Zhai, Xiaoming; Liu, Ninghao; ",Self-regularization with latent space explanations for controllable llm-based classification,arXiv preprint arXiv:2502.14133,,,,2025,
"Zhang, Ruisi; Hussain, Shehzeen Samarah; Neekhara, Paarth; Koushanfar, Farinaz; ",{REMARK-LLM}: A robust and efficient watermarking framework for generative large language models,33rd USENIX Security Symposium (USENIX Security 24),,,1813-1830,2024,
"Zhang, Kunpeng; Li, Zongjie; Wu, Daoyuan; Wang, Shuai; Xia, Xin; ",Low-Cost and Comprehensive Non-textual Input Fuzzing with LLM-Synthesized Input Generators,arXiv preprint arXiv:2501.19282,,,,2025,
"Wang, Zijie J; Montoya, Evan; Munechika, David; Yang, Haoyang; Hoover, Benjamin; Chau, Duen Horng; ",Diffusiondb: A large-scale prompt gallery dataset for text-to-image generative models,arXiv preprint arXiv:2210.14896,,,,2022,
"Cui, Tianyu; Wang, Yanling; Fu, Chuanpu; Xiao, Yong; Li, Sijia; Deng, Xinhao; Liu, Yunpeng; Zhang, Qinglin; Qiu, Ziyi; Li, Peiyang; ","Risk taxonomy, mitigation, and assessment benchmarks of large language model systems",arXiv preprint arXiv:2401.05778,,,,2024,
"Taylor, Andrew; Vassar, Alexandra; Renzella, Jake; Pearce, Hammond; ",Dcc--help: Transforming the Role of the Compiler by Generating Context-Aware Error Explanations with Large Language Models,Proceedings of the 55th ACM Technical Symposium on Computer Science Education V. 1,,,1314-1320,2024,
"Yang, Zhou; Zhao, Zhipeng; Wang, Chenyu; Shi, Jieke; Kim, Dongsun; Han, Donggyun; Lo, David; ",Unveiling memorization in code models,Proceedings of the IEEE/ACM 46th International Conference on Software Engineering,,,1-13,2024,
"Ryan, Gabriel; Jain, Siddhartha; Shang, Mingyue; Wang, Shiqi; Ma, Xiaofei; Ramanathan, Murali Krishna; Ray, Baishakhi; ",Code-aware prompting: A study of coverage-guided test generation in regression setting using llm,Proceedings of the ACM on Software Engineering,1,FSE,951-971,2024,"ACM New York, NY, USA"
"Yang, Zhou; Sun, Zhensu; Yue, Terry Zhuo; Devanbu, Premkumar; Lo, David; ","Robustness, security, privacy, explainability, efficiency, and usability of large language models for code",arXiv preprint arXiv:2403.07506,,,,2024,
"Ji, Zhenlan; Ma, Pingchuan; Li, Zongjie; Wang, Shuai; ",Benchmarking and explaining large language model-based code generation: A causality-centric approach,arXiv preprint arXiv:2310.06680,,,,2023,
"Tang, Ruixiang; Chuang, Yu-Neng; Hu, Xia; ",The science of detecting LLM-generated text,Communications of the ACM,67,4,50-59,2024,"ACM New York, NY, USA"
"Kadurin, Artur; Nikolenko, Sergey; Khrabrov, Kuzma; Aliper, Alex; Zhavoronkov, Alex; ",druGAN: an advanced generative adversarial autoencoder model for de novo generation of new molecules with desired molecular properties in silico,Molecular pharmaceutics,14,9,3098-3104,2017,ACS Publications
"Tan, Yang; Zhang, Zhixing; Li, Mingchen; Pan, Fei; Duan, Hao; Huang, Zijie; Deng, Hua; Yu, Zhuohang; Yang, Chen; Shen, Guoyang; ",MedChatZH: A tuning LLM for traditional Chinese medicine consultations,Computers in biology and medicine,172,,108290,2024,Elsevier
"Zhou, Hao; Hu, Chengming; Yuan, Ye; Cui, Yufei; Jin, Yili; Chen, Can; Wu, Haolun; Yuan, Dun; Jiang, Li; Wu, Di; ","Large language model (llm) for telecommunications: A comprehensive survey on principles, key techniques, and opportunities",IEEE Communications Surveys & Tutorials,,,,2024,IEEE
"Bi, Zhangqian; Wan, Yao; Wang, Zheng; Zhang, Hongyu; Guan, Batu; Lu, Fangxin; Zhang, Zili; Sui, Yulei; Jin, Hai; Shi, Xuanhua; ",Iterative refinement of project-level code context for precise code generation with compiler feedback,arXiv preprint arXiv:2403.16792,,,,2024,
"Zhao, Xuandong; Zhang, Kexun; Su, Zihao; Vasan, Saastha; Grishchenko, Ilya; Kruegel, Christopher; Vigna, Giovanni; Wang, Yu-Xiang; Li, Lei; ",Invisible image watermarks are provably removable using generative ai,Advances in Neural Information Processing Systems,37,,8643-8672,2024,
"Takefuji, Yoshiyasu; ",Impact of COVID-19 on mental health in the US with generative AI,Asian Journal of Psychiatry,88,,103736,2023,Elsevier
"Wu, Junchao; Yang, Shu; Zhan, Runzhe; Yuan, Yulin; Chao, Lidia Sam; Wong, Derek Fai; ","A survey on LLM-generated text detection: Necessity, methods, and future directions",Computational Linguistics,,,1-66,2025,"MIT Press 255 Main Street, 9th Floor, Cambridge, Massachusetts 02142, USA …"
"Usman, Yusuf; Upadhyay, Aadesh; Gyawali, Prashnna; Chataut, Robin; ",Is generative ai the next tactical cyber weapon for threat actors? unforeseen implications of ai generated cyber attacks,arXiv preprint arXiv:2408.12806,,,,2024,
"Naik, Dishita; Naik, Ishita; Naik, Nitin; ","The AI Engine of Creation: Exploring the Capabilities of AI Chatbots based on Generative AI, Large Language Models and Large Multimodal Models",Authorea Preprints,,,,2024,Authorea
"Ohm, Paul; ",Focusing on Fine-Tuning: Understanding the Four Pathways for Shaping Generative AI,Science and Technology Law Review,25,2,,2024,
"Hagendorff, Thilo; ",Mapping the ethics of generative ai: A comprehensive scoping review,Minds and Machines,34,4,39,2024,Springer
"Cooper, A Feder; Lee, Katherine; Grimmelmann, James; Ippolito, Daphne; Callison-Burch, Christopher; Choquette-Choo, Christopher A; Mireshghallah, Niloofar; Brundage, Miles; Mimno, David; Choksi, Madiha Zahrah; ",Report of the 1st Workshop on Generative AI and Law,arXiv preprint arXiv:2311.06477,,,,2023,
"Ahmad, Baleegh; Thakur, Shailja; Tan, Benjamin; Karri, Ramesh; Pearce, Hammond; ",On hardware security bug code fixes by prompting large language models,IEEE Transactions on Information Forensics and Security,,,,2024,IEEE
"Arawjo, Ian; Swoopes, Chelse; Vaithilingam, Priyan; Wattenberg, Martin; Glassman, Elena L; ",Chainforge: A visual toolkit for prompt engineering and llm hypothesis testing,Proceedings of the 2024 CHI Conference on Human Factors in Computing Systems,,,1-18,2024,
"Sarabi, Armin; Yin, Tongxin; Liu, Mingyan; ",An llm-based framework for fingerprinting internet-connected devices,Proceedings of the 2023 ACM on Internet Measurement Conference,,,478-484,2023,
"Li, Raymond; Allal, Loubna Ben; Zi, Yangtian; Muennighoff, Niklas; Kocetkov, Denis; Mou, Chenghao; Marone, Marc; Akiki, Christopher; Li, Jia; Chim, Jenny; ",Starcoder: may the source be with you!,arXiv preprint arXiv:2305.06161,,,,2023,
"Weisz, Justin D; He, Jessica; Muller, Michael; Hoefer, Gabriela; Miles, Rachel; Geyer, Werner; ",Design principles for generative AI applications,Proceedings of the 2024 CHI Conference on Human Factors in Computing Systems,,,1-22,2024,
"Wang, Bohao; Liu, Feng; Zhang, Changwang; Chen, Jiawei; Wu, Yudi; Zhou, Sheng; Lou, Xingyu; Wang, Jun; Feng, Yan; Chen, Chun; ",Llm4dsr: Leveraing large language model for denoising sequential recommendation,arXiv preprint arXiv:2408.08208,,,,2024,
"Muller, Michael J; Wang, April Yi; Ross, Steven I; Weisz, Justin D; Agarwal, Mayank; Talamadupula, Kartik; Houde, Stephanie; Martinez, Fernando; Richards, John T; Drozdal, Jaimie; ",How Data Scientists Improve Generated Code Documentation in Jupyter Notebooks.,IUI Workshops,,,,2021,
"Wickramarachchi, Anuradha; Tonni, Shakila; Majumdar, Sonali; Karimi, Sarvnaz; Kõks, Sulev; Hosking, Brendan; Rambla, Jordi; Twine, Natalie A; Jain, Yatish; Bauer, Denis C; ",AskBeacon—performing genomic data exchange and analytics with natural language,Bioinformatics,41,3,btaf079,2025,Oxford University Press
"Pearce, Hammond; Tan, Benjamin; Krishnamurthy, Prashanth; Khorrami, Farshad; Karri, Ramesh; Dolan-Gavitt, Brendan; ",Pop quiz! can a large language model help with reverse engineering?,arXiv preprint arXiv:2202.01142,,,,2022,
"Ghimire, Prashnna; Kim, Kyungki; Acharya, Manoj; ",Generative ai in the construction industry: Opportunities & challenges,arXiv preprint arXiv:2310.04427,,,,2023,
"Cevallos, Adrian; Latorre, Lucia; Alicandro, Gianfranco; Wanner, Z’leste; Cerrato, Ignacio; Zarate, Jose Daniel; Alvarez, Juana; Villacreses, Karla; Pfeifer, Maria; Gutierrez, Mariana; ",Tech Report: Generative AI,,,,,2023,Inter-American Development Bank
"Wang, Shangwen; Lin, Bo; Sun, Zhensu; Wen, Ming; Liu, Yepang; Lei, Yan; Mao, Xiaoguang; ",Two birds with one stone: Boosting code generation and code search via a generative adversarial network,Proceedings of the ACM on Programming Languages,7,OOPSLA2,486-515,2023,"ACM New York, NY, USA"
"Vaithilingam, Priyan; Zhang, Tianyi; Glassman, Elena L; ",Expectation vs. experience: Evaluating the usability of code generation tools powered by large language models,Chi conference on human factors in computing systems extended abstracts,,,1-7,2022,
"Wen, Hao; Li, Yuanchun; Liu, Guohong; Zhao, Shanhui; Yu, Tao; Li, Toby Jia-Jun; Jiang, Shiqi; Liu, Yunhao; Zhang, Yaqin; Liu, Yunxin; ",Autodroid: Llm-powered task automation in android,Proceedings of the 30th Annual International Conference on Mobile Computing and Networking,,,543-557,2024,
"Seo, HyungBin; Yoon, MyungKeun; ",Generative intrusion detection and prevention on data stream,32nd USENIX Security Symposium (USENIX Security 23),,,4319-4335,2023,
"Horne, Robert I; Murtada, Mhd Hussein; Huo, Donghui; Brotzakis, Z Faidon; Gregory, Rebecca C; Possenti, Andrea; Chia, Sean; Vendruscolo, Michele; ",Exploration and exploitation approaches based on generative machine learning to identify potent small molecule inhibitors of α-synuclein secondary nucleation,Journal of chemical theory and computation,19,14,4701-4710,2023,ACS Publications
"Li, Minghan; Chen, Xilun; Holtzman, Ari; Chen, Beidi; Lin, Jimmy; Yih, Scott; Lin, Victoria; ",Nearest neighbor speculative decoding for llm generation and attribution,Advances in Neural Information Processing Systems,37,,80987-81015,2024,
"Holmes, Wayne; Miao, Fengchun; ",Guidance for generative AI in education and research,,,,,2023,UNESCO Publishing
"Su, Jiahong; Yang, Weipeng; ",Unlocking the power of ChatGPT: A framework for applying generative AI in education,ECNU Review of Education,6,3,355-366,2023,"SAGE Publications Sage UK: London, England"
"Sheese, Brad; Liffiton, Mark; Savelka, Jaromir; Denny, Paul; ",Patterns of student help-seeking when using a large language model-powered programming assistant,Proceedings of the 26th Australasian computing education conference,,,49-57,2024,
"Perkins, Mike; Roe, Jasper; ",The use of Generative AI in qualitative analysis: Inductive thematic analysis with ChatGPT,Journal of Applied Learning and Teaching,7,1,,2024,
"Akyash, Mohammad; Mardani Kamali, Hadi; ",SimEval: Investigating the Similarity Obstacle in LLM-based Hardware Code Generation,Proceedings of the 30th Asia and South Pacific Design Automation Conference,,,1002-1007,2025,
"Chen, Binglin; Lewis, Colleen M; West, Matthew; Zilles, Craig; ",Plagiarism in the age of generative ai: cheating method change and learning loss in an intro to CS course,Proceedings of the Eleventh ACM Conference on Learning@ Scale,,,75-85,2024,
"Choi, Hyunjun; Moran, Jay; Matsumoto, Nicholas; Hernandez, Miguel E; Moore, Jason H; ",Aliro: an automated machine learning tool leveraging large language models,Bioinformatics,39,10,btad606,2023,Oxford University Press
"Esmradi, Aysan; Yip, Daniel Wankit; Chan, Chun Fai; ","A comprehensive survey of attack techniques, implementation, and mitigation strategies in large language models",International Conference on Ubiquitous Security,,,76-95,2023,Springer
"Park, Noseong; Mohammadi, Mahmoud; Gorde, Kshitij; Jajodia, Sushil; Park, Hongkyu; Kim, Youngmin; ",Data synthesis based on generative adversarial networks,arXiv preprint arXiv:1806.03384,,,,2018,
"Candelon, François; Gupta, Abhishek; Krayer, Lisa; Zhukov, Leonid; ",The CEO’s guide to the generative AI revolution,BCG Global,7,,,2023,
"Albanese, Federico; Ciolek, Daniel; D'Ippolito, Nicolas; ",Text sanitization beyond specific domains: Zero-shot redaction & substitution with large language models,arXiv preprint arXiv:2311.10785,,,,2023,
"Wang, Tao; Zhang, Yushu; Qi, Shuren; Zhao, Ruoyu; Xia, Zhihua; Weng, Jian; ",Security and privacy on generative data in aigc: A survey,ACM Computing Surveys,57,4,1-34,2024,"ACM New York, NY"
"Zeng, Yu; Zhou, Mo; Xue, Yuan; Patel, Vishal M; ",Securing deep generative models with universal adversarial signature,arXiv preprint arXiv:2305.16310,,,,2023,
"Guo, Chengquan; Liu, Xun; Xie, Chulin; Zhou, Andy; Zeng, Yi; Lin, Zinan; Song, Dawn; Li, Bo; ",Redcode: Risky code execution and generation benchmark for code agents,Advances in Neural Information Processing Systems,37,,106190-106236,2024,
"Thomas, Morgan; Smith, Robert T; O’Boyle, Noel M; de Graaf, Chris; Bender, Andreas; ",Comparison of structure-and ligand-based scoring functions for deep generative models: a GPCR case study,Journal of cheminformatics,13,1,39,2021,Springer
"Lin, Xinyu; Wang, Wenjie; Li, Yongqi; Yang, Shuo; Feng, Fuli; Wei, Yinwei; Chua, Tat-Seng; ",Data-efficient Fine-tuning for LLM-based Recommendation,Proceedings of the 47th international ACM SIGIR conference on research and development in information retrieval,,,365-374,2024,
"Fernandez, Pierre; Level, Anthony; Furon, Teddy; ",What Lies Ahead for Generative AI Watermarking,Tech. Rep,,,,2024,
"Hacker, Philipp; Engel, Andreas; Mauer, Marco; ",Regulating ChatGPT and other large generative AI models,"Proceedings of the 2023 ACM conference on fairness, accountability, and transparency",,,1112-1123,2023,
"Hua, Wenyue; Xu, Shuyuan; Ge, Yingqiang; Zhang, Yongfeng; ",How to index item ids for recommendation foundation models,Proceedings of the Annual International ACM SIGIR Conference on Research and Development in Information Retrieval in the Asia Pacific Region,,,195-204,2023,
"McDanel, Bradley; Novak, Ed; ",Designing LLM-Resistant Programming Assignments: Insights and Strategies for CS Educators,Proceedings of the 56th ACM Technical Symposium on Computer Science Education V. 1,,,756-762,2025,
"Morris, Meredith Ringel; ",Scientists' Perspectives on the Potential for Generative AI in their Fields,arXiv preprint arXiv:2304.01420,,,,2023,
"Pinna, Giovanni; Ravalico, Damiano; Rovito, Luigi; Manzoni, Luca; De Lorenzo, Andrea; ",Enhancing large language models-based code generation by leveraging genetic improvement,European Conference on Genetic Programming (Part of EvoStar),,,108-124,2024,Springer
"Zhou, Bolei; ",Interpreting generative adversarial networks for interactive image generation,International Workshop on Extending Explainable AI Beyond Deep Models and Classifiers,,,167-175,2020,Springer
"Mireshghallah, Niloofar; Antoniak, Maria; More, Yash; Choi, Yejin; Farnadi, Golnoosh; ",Trust no bot: Discovering personal disclosures in human-llm conversations in the wild,arXiv preprint arXiv:2407.11438,,,,2024,
"Quince, Zachery; Nikolic, Sasha; ","Student identification of the social, economic and environmental implications of using Generative Artificial Intelligence (GenAI): identifying student ethical awareness of ChatGPT from a scaffolded multi-stage assessment",European Journal of Engineering Education,,,1-20,2025,Taylor & Francis
"Peng, Cheng; Yang, Xi; Chen, Aokun; Smith, Kaleb E; PourNejatian, Nima; Costa, Anthony B; Martin, Cheryl; Flores, Mona G; Zhang, Ying; Magoc, Tanja; ",A study of generative large language model for medical research and healthcare,NPJ digital medicine,6,1,210,2023,Nature Publishing Group UK London
"Horne, Robert I; Wilson-Godber, Jared; González Díaz, Alicia; Brotzakis, Z Faidon; Seal, Srijit; Gregory, Rebecca C; Possenti, Andrea; Chia, Sean; Vendruscolo, Michele; ",Using generative modeling to endow with potency initially inert compounds with good bioavailability and low toxicity,Journal of Chemical Information and Modeling,64,3,590-596,2024,ACS Publications
"Bhat, Avinash; ",A human-centered approach to designing effective large language model (llm) based tools for writing software tutorials,,,,,2023,McGill University (Canada)
"Liu, Puzhuo; Sun, Chengnian; Zheng, Yaowen; Feng, Xuan; Qin, Chuan; Wang, Yuncheng; Xu, Zhenyang; Li, Zhi; Di, Peng; Jiang, Yu; ",Llm-powered static binary taint analysis,ACM Transactions on Software Engineering and Methodology,,,,2025,"ACM New York, NY"
"JIAWEI, WANG; Jiang, Renhe; Yang, Chuang; Wu, Zengqing; Shibasaki, Ryosuke; Koshizuka, Noboru; Xiao, Chuan; ",Large language models as urban residents: An llm agent framework for personal mobility generation,Advances in Neural Information Processing Systems,37,,124547-124574,2024,
"Sufi, Fahim; ",Just-in-Time News: An AI Chatbot for the Modern Information Age.,AI,6,2,,2025,
"Zeng, Xingchen; Gao, Ziyao; Ye, Yilin; Zeng, Wei; ",IntentTuner: an interactive framework for integrating human intentions in fine-tuning text-to-image generative models,Proceedings of the 2024 CHI Conference on Human Factors in Computing Systems,,,1-18,2024,
"Neel, Seth; Chang, Peter; ",Privacy issues in large language models: A survey,arXiv preprint arXiv:2312.06717,,,,2023,
"Miao, Xupeng; Shi, Chunan; Duan, Jiangfei; Xi, Xiaoli; Lin, Dahua; Cui, Bin; Jia, Zhihao; ",Spotserve: Serving generative large language models on preemptible instances,"Proceedings of the 29th ACM International Conference on Architectural Support for Programming Languages and Operating Systems, Volume 2",,,1112-1127,2024,
"Chen, Zekun; Peng, Linning; Hu, Aiqun; Fu, Hua; ",Generative adversarial network-based rogue device identification using differential constellation trace figure,EURASIP Journal on Wireless Communications and Networking,2021,1,72,2021,Springer
"Eze, Chibuike Samuel; Shamir, Lior; ",Analysis and prevention of AI-based phishing email attacks,Electronics,13,10,1839,2024,MDPI
"Lozhkov, Anton; Li, Raymond; Allal, Loubna Ben; Cassano, Federico; Lamy-Poirier, Joel; Tazi, Nouamane; Tang, Ao; Pykhtar, Dmytro; Liu, Jiawei; Wei, Yuxiang; ",Starcoder 2 and the stack v2: The next generation,arXiv preprint arXiv:2402.19173,,,,2024,
"Choudhuri, Rudrajit; Liu, Dylan; Steinmacher, Igor; Gerosa, Marco; Sarma, Anita; ",How far are we? the triumphs and trials of generative ai in learning software engineering,Proceedings of the IEEE/ACM 46th international conference on software engineering,,,1-13,2024,
"Ard, BJ; ",Copyright’s Latent Space: Generative AI and the Limits of Fair Use,,,,,2023,
"Sun, Hui; Zhu, Tianqing; Zhang, Zhiqiu; Jin, Dawei; Xiong, Ping; Zhou, Wanlei; ",Adversarial attacks against deep generative models on data: A survey,IEEE Transactions on Knowledge and Data Engineering,35,4,3367-3388,2021,IEEE
"Zhou, Xin; Cao, Sicong; Sun, Xiaobing; Lo, David; ",Large language model for vulnerability detection and repair: Literature review and the road ahead,ACM Transactions on Software Engineering and Methodology,,,,2024,"ACM New York, NY"
"Xu, Yungang; Zhang, Zhigang; You, Lei; Liu, Jiajia; Fan, Zhiwei; Zhou, Xiaobo; ",scIGANs: single-cell RNA-seq imputation using generative adversarial networks,Nucleic acids research,48,15,e85-e85,2020,Oxford University Press
"Taneja, Jubi; Laird, Avery; Yan, Cong; Musuvathi, Madan; Lahiri, Shuvendu K; ",Llm-vectorizer: Llm-based verified loop vectorizer,Proceedings of the 23rd ACM/IEEE International Symposium on Code Generation and Optimization,,,137-149,2025,
"Katz, Andrew; Gerhardt, Mitch; Soledad, Michelle; ",Using Generative Text Models to Create Qualitative Codebooks for Student Evaluations of Teaching,International Journal of Qualitative Methods,23,,16094069241293283,2024,"SAGE Publications Sage CA: Los Angeles, CA"
"Semeler, Alexandre; Pinto, Adilson Luiz; Koltay, Tibor; Rodrigues Dias, Thiago Magela; Oliveira, Arthur Longoni; Moreiro González, José Antonio; Frota Rozados, Helen Beatriz; ",ALGORITHMIC LITERACY: Generative Artificial Intelligence Technologies for Data Librarians.,EAI Endorsed Transactions on Scalable Information Systems,11,2,,2024,
"Bearman, Margaret; Tai, Joanna; Dawson, Phillip; Boud, David; Ajjawi, Rola; ",Developing evaluative judgement for a time of generative artificial intelligence,Assessment & Evaluation in Higher Education,49,6,893-905,2024,Taylor & Francis
"Agrawal, Garima; Kaur, Amardeep; Myneni, Sowmya; ",A review of generative models in generating synthetic attack data for cybersecurity,Electronics,13,2,322,2024,MDPI
"Dilhara, Malinda; Bellur, Abhiram; Bryksin, Timofey; Dig, Danny; ",Unprecedented code change automation: The fusion of llms and transformation by example,Proceedings of the ACM on Software Engineering,1,FSE,631-653,2024,"ACM New York, NY, USA"
"Ooi, Keng-Boon; Tan, Garry Wei-Han; Al-Emran, Mostafa; Al-Sharafi, Mohammed A; Capatina, Alexandru; Chakraborty, Amrita; Dwivedi, Yogesh K; Huang, Tzu-Ling; Kar, Arpan Kumar; Lee, Voon-Hsien; ",The potential of generative artificial intelligence across disciplines: Perspectives and future directions,Journal of Computer Information Systems,65,1,76-107,2025,Taylor & Francis
"Goldstein, Josh A; Sastry, Girish; Musser, Micah; DiResta, Renee; Gentzel, Matthew; Sedova, Katerina; ",Generative language models and automated influence operations: Emerging threats and potential mitigations,arXiv preprint arXiv:2301.04246,,,,2023,
"Ko, Myeongseob; Li, Henry; Wang, Zhun; Patsenker, Jonathan; Wang, Jiachen Tianhao; Li, Qinbin; Jin, Ming; Song, Dawn; Jia, Ruoxi; ",Boosting alignment for post-unlearning text-to-image generative models,Advances in Neural Information Processing Systems,37,,85131-85154,2024,
"Khoramnejad, Fahime; Hossain, Ekram; ","Generative AI for the optimization of next-generation wireless networks: Basics, state-of-the-art, and open challenges",IEEE Communications Surveys & Tutorials,,,,2025,IEEE
"Bai, Ching-Yuan; Lin, Hsuan-Tien; Raffel, Colin; Kan, Wendy Chi-wen; ",On training sample memorization: Lessons from benchmarking generative modeling with a large-scale competition,Proceedings of the 27th ACM SIGKDD conference on knowledge discovery & data mining,,,2534-2542,2021,
"Kilovaty, Ido; ",Hacking generative AI,Loyola of Los Angeles Law Review,58,,,2025,
"Prather, James; Denny, Paul; Leinonen, Juho; Becker, Brett A; Albluwi, Ibrahim; Craig, Michelle; Keuning, Hieke; Kiesler, Natalie; Kohn, Tobias; Luxton-Reilly, Andrew; ",The robots are here: Navigating the generative ai revolution in computing education,Proceedings of the 2023 working group reports on innovation and technology in computer science education,,,108-159,2023,
"Xiao, Tao; Hata, Hideaki; Treude, Christoph; Matsumoto, Kenichi; ","Generative ai for pull request descriptions: Adoption, impact, and developer interventions",Proceedings of the ACM on Software Engineering,1,FSE,1043-1065,2024,"ACM New York, NY, USA"
"Ghimire, Prashnna; Kim, Kyungki; Acharya, Manoj; ",Opportunities and challenges of generative AI in construction industry: Focusing on adoption of text-based models,Buildings,14,1,220,2024,MDPI
"Khojah, Ranim; Mohamad, Mazen; Leitner, Philipp; de Oliveira Neto, Francisco Gomes; ",Beyond code generation: An observational study of chatgpt usage in software engineering practice,Proceedings of the ACM on Software Engineering,1,FSE,1819-1840,2024,"ACM New York, NY, USA"
"Houde, Stephanie; Ross, Steven I; Muller, Michael; Agarwal, Mayank; Martinez, Fernando; Richards, John; Talamadupula, Kartik; Weisz, Justin D; ",Opportunities for generative AI in UX modernization,"Joint International Conference on Intelligent User Interfaces Workshops: APEx-UI, HAI-GEN, HEALTHI, HUMANIZE, TExSS, SOCIALIZE",,,,2022,
"Ma, Zexiong; An, Shengnan; Xie, Bing; Lin, Zeqi; ",Compositional API recommendation for library-oriented code generation,Proceedings of the 32nd IEEE/ACM International Conference on Program Comprehension,,,87-98,2024,
"Huang, Qing; Sun, Yanbang; Xing, Zhenchang; Yu, Min; Xu, Xiwei; Lu, Qinghua; ",Api entity and relation joint extraction from text via dynamic prompt-tuned language model,ACM Transactions on Software Engineering and Methodology,33,1,1-25,2023,"ACM New York, NY"
"Scarlatos, Alexander; Smith, Digory; Woodhead, Simon; Lan, Andrew; ",Improving the validity of automatically generated feedback via reinforcement learning,International Conference on Artificial Intelligence in Education,,,280-294,2024,Springer
"Wang, Qizhou; Zhou, Jin Peng; Zhou, Zhanke; Shin, Saebyeol; Han, Bo; Weinberger, Kilian Q; ",Rethinking LLM Unlearning Objectives: A Gradient Perspective and Go Beyond,arXiv preprint arXiv:2502.19301,,,,2025,
"Manfredi-Sánchez, Juan Luis; Morales, Pablo Sebastian; ",Generative AI and the future for China’s diplomacy,Place Branding and Public Diplomacy,,,1-5,2024,Springer
"Resnik, David B; Hosseini, Mohammad; ",The ethics of using artificial intelligence in scientific research: new guidance needed for a new tool,AI and Ethics,,,1-23,2024,Springer
"Guha, Neel; Nyarko, Julian; Ho, Daniel; Ré, Christopher; Chilton, Adam; Chohlas-Wood, Alex; Peters, Austin; Waldon, Brandon; Rockmore, Daniel; Zambrano, Diego; ",Legalbench: A collaboratively built benchmark for measuring legal reasoning in large language models,Advances in Neural Information Processing Systems,36,,44123-44279,2023,
"Wadhwa, Nalin; Pradhan, Jui; Sonwane, Atharv; Sahu, Surya Prakash; Natarajan, Nagarajan; Kanade, Aditya; Parthasarathy, Suresh; Rajamani, Sriram; ",Core: Resolving code quality issues using llms,Proceedings of the ACM on Software Engineering,1,FSE,789-811,2024,"ACM New York, NY, USA"
"Hannigan, Timothy R; McCarthy, Ian P; Spicer, André; ",Beware of botshit: How to manage the epistemic risks of generative chatbots,Business Horizons,67,5,471-486,2024,Elsevier
"Xu, Xiang; Lambourne, Joseph; Jayaraman, Pradeep; Wang, Zhengqing; Willis, Karl; Furukawa, Yasutaka; ",Brepgen: A b-rep generative diffusion model with structured latent geometry,ACM Transactions on Graphics (TOG),43,4,1-14,2024,"ACM New York, NY, USA"
"Chang, Yapei; Lo, Kyle; Goyal, Tanya; Iyyer, Mohit; ",Booookscore: A systematic exploration of book-length summarization in the era of llms,arXiv preprint arXiv:2310.00785,,,,2023,
"Ma, Mingyu Derek; Wang, Xiaoxuan; Kung, Po-Nien; Brantingham, P Jeffrey; Peng, Nanyun; Wang, Wei; ",STAR: boosting low-resource information extraction by structure-to-text data generation with large language models,Proceedings of the AAAI Conference on Artificial Intelligence,38,17,18751-18759,2024,
"Hirn, Johannes; García, José Enrique; Montesinos‐Navarro, Alicia; Sánchez‐Martín, Ricardo; Sanz, Veronica; Verdú, Miguel; ",A deep generative artificial intelligence system to predict species coexistence patterns,Methods in Ecology and Evolution,13,5,1052-1061,2022,Wiley Online Library
"Wu, Shirley; Zhao, Shiyu; Huang, Qian; Huang, Kexin; Yasunaga, Michihiro; Cao, Kaidi; Ioannidis, Vassilis; Subbian, Karthik; Leskovec, Jure; Zou, James Y; ",Avatar: Optimizing llm agents for tool usage via contrastive reasoning,Advances in Neural Information Processing Systems,37,,25981-26010,2024,
"Zheng, Lianmin; Chiang, Wei-Lin; Sheng, Ying; Li, Tianle; Zhuang, Siyuan; Wu, Zhanghao; Zhuang, Yonghao; Li, Zhuohan; Lin, Zi; Xing, Eric P; ",Lmsys-chat-1m: A large-scale real-world llm conversation dataset,arXiv preprint arXiv:2309.11998,,,,2023,
"Budhwar, Pawan; Chowdhury, Soumyadeb; Wood, Geoffrey; Aguinis, Herman; Bamber, Greg J; Beltran, Jose R; Boselie, Paul; Lee Cooke, Fang; Decker, Stephanie; DeNisi, Angelo; ",Human resource management in the age of generative artificial intelligence: Perspectives and research directions on ChatGPT,Human Resource Management Journal,33,3,606-659,2023,Wiley Online Library
"Iqbal, Umar; Kohno, Tadayoshi; Roesner, Franziska; ",Llm platform security: applying a systematic evaluation framework to openai's chatgpt plugins,"Proceedings of the AAAI/ACM Conference on AI, Ethics, and Society",7,,611-623,2024,
"Wang, Yan; Li, Xiaoning; Nguyen, Tien N; Wang, Shaohua; Ni, Chao; Ding, Ling; ",Natural is the best: Model-agnostic code simplification for pre-trained large language models,Proceedings of the ACM on Software Engineering,1,FSE,586-608,2024,"ACM New York, NY, USA"
"Nam, Jaehyun; Kim, Kyuyoung; Oh, Seunghyuk; Tack, Jihoon; Kim, Jaehyung; Shin, Jinwoo; ",Optimized feature generation for tabular data via llms with decision tree reasoning,Advances in Neural Information Processing Systems,37,,92352-92380,2024,
"Liu, Zhe; Chen, Chunyang; Wang, Junjie; Chen, Mengzhuo; Wu, Boyu; Che, Xing; Wang, Dandan; Wang, Qing; ",Make llm a testing expert: Bringing human-like interaction to mobile gui testing via functionality-aware decisions,Proceedings of the IEEE/ACM 46th International Conference on Software Engineering,,,1-13,2024,
"de Kok, Ties; ",ChatGPT for textual analysis? How to use generative LLMs in accounting research,Management Science,,,,2025,INFORMS
"Attard-Frost, Blair; ",Generative AI systems: impacts on artists & creators and related gaps in the artificial intelligence and data act,Available at SSRN 4468637,,,,2023,
"Li, Qinbin; Hong, Junyuan; Xie, Chulin; Tan, Jeffrey; Xin, Rachel; Hou, Junyi; Yin, Xavier; Wang, Zhun; Hendrycks, Dan; Wang, Zhangyang; ",Llm-pbe: Assessing data privacy in large language models,arXiv preprint arXiv:2408.12787,,,,2024,
"Waikel, Rebekah L; Othman, Amna A; Patel, Tanviben; Hanchard, Suzanna Ledgister; Hu, Ping; Tekendo-Ngongang, Cedrik; Duong, Dat; Solomon, Benjamin D; ",Generative methods for pediatric genetics education,medRxiv,,,,2023,
"Romero Moreno, Felipe; ",Generative AI and deepfakes: a human rights approach to tackling harmful content,"International Review of Law, Computers & Technology",38,3,297-326,2024,Taylor & Francis
"Polak, Maciej P; Morgan, Dane; ",Extracting accurate materials data from research papers with conversational language models and prompt engineering,Nature Communications,15,1,1569,2024,Nature Publishing Group UK London
"Rauba, Paulius; Seedat, Nabeel; Kacprzyk, Krzysztof; van der Schaar, Mihaela; ",Self-healing machine learning: A framework for autonomous adaptation in real-world environments,Advances in Neural Information Processing Systems,37,,42225-42267,2024,
"Tan, Corinne; ",Regulating Social Media: Copyright's Regulation of Content-Generative User Behaviours on Instagram,"Corinne Tan,'Regulating Social Media: Copyright's Regulation of Content-Generative User Behaviours on Instagram'(2018)",2,,,2018,
"Schetinger, Victor; Di Bartolomeo, Sara; El‐Assady, Mennatallah; McNutt, Andrew; Miller, Matthias; Passos, João Paulo Apolinário; Adams, Jane Lydia; ",Doom or deliciousness: Challenges and opportunities for visualization in the age of generative models,Computer Graphics Forum,42,3,423-435,2023,Wiley Online Library
"Penedo, Guilherme; Malartic, Quentin; Hesslow, Daniel; Cojocaru, Ruxandra; Cappelli, Alessandro; Alobeidli, Hamza; Pannier, Baptiste; Almazrouei, Ebtesam; Launay, Julien; ","The RefinedWeb dataset for Falcon LLM: outperforming curated corpora with web data, and web data only",arXiv preprint arXiv:2306.01116,,,,2023,
"Chen, Chen; Fu, Jie; Lyu, Lingjuan; ",A pathway towards responsible ai generated content,arXiv preprint arXiv:2303.01325,,,,2023,
"Aghajanyan, Armen; Yu, Lili; Conneau, Alexis; Hsu, Wei-Ning; Hambardzumyan, Karen; Zhang, Susan; Roller, Stephen; Goyal, Naman; Levy, Omer; Zettlemoyer, Luke; ",Scaling laws for generative mixed-modal language models,International Conference on Machine Learning,,,265-279,2023,PMLR
"Liu, Mengting; Zhu, Alyssa H; Maiti, Piyush; Thomopoulos, Sophia I; Gadewar, Shruti; Chai, Yaqiong; Kim, Hosung; Jahanshad, Neda; Alzheimer's Disease Neuroimaging Initiative; ",Style transfer generative adversarial networks to harmonize multisite MRI to a single reference image to avoid overcorrection,Human Brain Mapping,44,14,4875-4892,2023,Wiley Online Library
